{
  "best_val_accuracy": 0.7906117531783657,
  "best_epoch": 50,
  "training_time_seconds": 2.7559866905212402
}