{
  "loss": [
    2.5323844269050344,
    2.4809342386561775,
    2.2846199813259664,
    2.1310552001672423,
    2.084958268639468,
    2.0502032929293508,
    1.9090199737952684,
    1.8593740230278437,
    1.856499838289387,
    1.677781512732656,
    1.6700177009696864,
    1.5870591141598642,
    1.5631626779850918,
    1.5378513460502834,
    1.4445858311922153,
    1.3167123415347648,
    1.3146305540286047,
    1.2846122611893944,
    1.085893384695442,
    1.1737541063515482,
    1.1972171125301296,
    1.125046414457803,
    1.0418111566713555,
    0.9766921950546774,
    0.9574878877699031,
    0.9025628771022673,
    0.977945999957477,
    0.7530502533473957,
    0.8060814383185425,
    0.8408565929322643,
    0.8231252453273104,
    0.6739337285910921,
    0.6175600795796787,
    0.6218670432029356,
    0.6823278032523732,
    0.5361182481259548,
    0.5304718611614003,
    0.5816188634768257,
    0.5614333410454709,
    0.46577500314177933,
    0.5626710739370087,
    0.5260531137269543,
    0.4214592186172488,
    0.461499909745234,
    0.4168793178957285,
    0.35970259565091073,
    0.4207054464959789,
    0.3591495167888587,
    0.3751764516184345,
    0.35505648822491254
  ],
  "accuracy": [
    0.10993428306022465,
    0.11131693250553329,
    0.12261051228130096,
    0.1528392454313207,
    0.14374337759331152,
    0.2093129753784311,
    0.18511234550949635,
    0.19998722620162393,
    0.22773005550524134,
    0.24817727190009511,
    0.27476933159990824,
    0.24642956019265147,
    0.2988723657913693,
    0.29446155999388085,
    0.3072156495355473,
    0.3304165152430942,
    0.37225051644788393,
    0.3792327205009527,
    0.387283479217801,
    0.40574094136476346,
    0.4156065622432498,
    0.4198301279421363,
    0.4414047959246593,
    0.453958938122453,
    0.4899224055412915,
    0.4716925851589917,
    0.5127742857666798,
    0.5371510078144554,
    0.5492046041988206,
    0.5633057646058951,
    0.5958206389408609,
    0.6077371418760054,
    0.6139930273017528,
    0.6067539257254779,
    0.6283349341532752,
    0.6645491986920825,
    0.6811976558849684,
    0.7024388313123379,
    0.6943995055684302,
    0.7613154902228952,
    0.7205063665954536,
    0.7752675225848864,
    0.7670922376799426,
    0.7864579658117179,
    0.8042600378375582,
    0.8325133469553002,
    0.8315307442934831,
    0.8350641256386319,
    0.8722818748826041,
    0.8663228512759773
  ],
  "val_loss": [
    2.9523029856408023,
    2.793990966851114,
    2.5903677186788707,
    2.5027785658353414,
    2.3421468526745115,
    2.267507515368816,
    2.3763263937861288,
    2.4548637071674175,
    2.080473645989247,
    2.157148707730101,
    2.0441806483498812,
    2.118698676231285,
    1.9149854849572552,
    1.9888872605064807,
    1.9372856081943948,
    1.6657381621328982,
    1.8329467868463967,
    1.8351912773209413,
    1.7138853570846935,
    1.3847143368986146,
    1.484845559235909,
    1.5241321537852803,
    1.5440482356300467,
    1.2580614985717433,
    1.3394476033504061,
    1.2423986207526792,
    1.3009946129378098,
    1.2429511978793133,
    1.2389441998347843,
    1.2482576411620667,
    0.9982099409944496,
    1.048120616080206,
    1.0789563782109164,
    1.1954081753634818,
    0.8865794008412238,
    0.9982890833644655,
    0.8188218104974018,
    0.9574099119602271,
    0.8240581192830139,
    0.934682796406741,
    0.7612755615189946,
    1.0080985157718012,
    0.7126502457028132,
    0.8534765175549089,
    1.0199957621633429,
    0.7741199713328146,
    0.6971370573016308,
    0.7692410722619711,
    0.7019294622828246,
    0.5294943287397644
  ],
  "val_accuracy": [
    0.09585207096486446,
    0.10697589129152459,
    0.14427680130757894,
    0.08460159266026608,
    0.1654274199778582,
    0.16322671098540392,
    0.187327677691296,
    0.1892491875062017,
    0.18026867213132297,
    0.16720989628360675,
    0.24514104843569912,
    0.23240467374815874,
    0.215108795339118,
    0.30035028866522606,
    0.2867236287244636,
    0.30443023070008546,
    0.36468720085712464,
    0.31864640736184624,
    0.39893930967442015,
    0.357029779486024,
    0.39071337714535237,
    0.3789472886924639,
    0.42339802299340074,
    0.412170135602067,
    0.4438316581653966,
    0.43738064031703916,
    0.4761215257044361,
    0.47576662252701496,
    0.5658972633745586,
    0.47093965887141404,
    0.49271837635615784,
    0.5997136687742994,
    0.5328957303765139,
    0.5762077729190553,
    0.5663381545138297,
    0.6292142826284728,
    0.6274546861533193,
    0.6269095401969956,
    0.63896761091483,
    0.6602149876273535,
    0.6836125381122735,
    0.6863834278080949,
    0.6653879150692753,
    0.7122345592444993,
    0.7596060223147195,
    0.7042852733075116,
    0.7654200148227628,
    0.712554583259424,
    0.7346278366386403,
    0.7906117531783657
  ]
}