{
  "train_loss": [
    0.42232632571128875,
    0.2727104170717882,
    0.25441144495999174,
    0.21487921355147618
  ],
  "val_loss": [
    0.9527636013598295,
    1.3860533518177507,
    1.6176919634741926,
    2.122494133991412
  ],
  "train_acc": [
    80.71193351105535,
    90.41869217500393,
    92.41022424337463,
    94.07244785949506
  ],
  "val_acc": [
    63.771929824561404,
    67.28070175438596,
    67.28070175438596,
    67.28070175438596
  ]
}